PRODUCT_ID,REVENUE,AMOUNT_OF_PRODUCT_UNITS,PRODUCT_NAME,z,REVENUE_OF_REST ,percent,Totalrevenue
445932.0,12995.01,4482.0,Soft fruit Chilled,59852.73,59852.73,17.84,72847.74
18072.0,12350.13,712.0,Beer Crates,61466.67,61466.67,16.73,73816.8
1327698.0,11533.81,658.0,Beer Crates,61466.67,61466.67,15.8,73000.48
400849.0,9113.09,1532.0,Pils Multipack Can,64210.56,64210.56,12.43,73323.65
46152.0,6126.93,963.0,Ground coffee,23688.86,23688.86,20.55,29815.79
483912.0,5462.73,3831.0,Bananas,37075.69,37075.69,12.84,42538.42
483224.0,4875.11,4487.0,Cucumber/Zucchini/Eggplant,64502.22,64502.22,7.03,69377.33
42268.0,4765.11,858.0,Pils Multipack Can,64210.56,64210.56,6.91,68975.67
446508.0,4629.070000000001,1636.0,Exotics,26032.03,26032.03,15.1,30661.1
741814.0,4601.71,2059.0,Soft fruit Chilled,59852.73,59852.73,7.14,64454.44
